state,angle_rad,angle_deg,real_component,imaginary_component
P(a),0.0,0.0,1.0,0.0
Q(a),1.2566370614359172,72.0,0.3090169943749475,0.9510565162951536
R(a),2.5132741228718345,144.0,-0.8090169943749475,0.5877852522924731
S(a),3.7699111843077517,216.0,-0.8090169943749477,-0.5877852522924729
P(a),5.026548245743669,288.0,0.3090169943749473,-0.9510565162951538
