{"P(a)":{"P(a)":1.0,"Q(a)":0.7071067812,"R(a)":6.123233996e-17,"S(a)":-0.7071067812},"Q(a)":{"P(a)":0.7071067812,"Q(a)":1.0,"R(a)":0.7071067812,"S(a)":6.123233996e-17},"R(a)":{"P(a)":6.123233996e-17,"Q(a)":0.7071067812,"R(a)":1.0,"S(a)":0.7071067812},"S(a)":{"P(a)":-0.7071067812,"Q(a)":6.123233996e-17,"R(a)":0.7071067812,"S(a)":1.0}}